<objects>
      <object cleared="true">
         <brand>BMW X5</brand>
         <color>grey</color>
         <gearbox>automatic</gearbox>
         <year>2011</year>
      </object>
      <object cleared="false">
         <brand>Renault Megane</brand>
         <color>white</color>
         <gearbox>manual</gearbox>
         <year>2012</year>
      </object>
      <object cleared="false">
         <brand>Nissan Juke</brand>
         <color>red</color>
         <gearbox>automatic</gearbox>
         <year>2015</year>
      </object>
      <object cleared="true">
         <brand>Volkswagen Touran</brand>
         <color>black</color>
         <gearbox>manual</gearbox>
         <year>2010</year>
      </object>
      <object cleared="true">
         <brand>Hyundai Tiburon</brand>
         <color>green</color>
         <gearbox>manual</gearbox>
         <year>2000</year>
      </object>
 </objects>